reqs,type,avg,stdev,max,stdevperc
1000,noscone,1.45ms,455.62us,8.16ms,70.14%
1000,noscone,1.41ms,438.03us,7.99ms,69.46%
1000,noscone,1.50ms,470.53us,9.50ms,68.81%
1000,noscone,1.54ms,448.86us,6.42ms,66.76%
1000,noscone,1.52ms,448.82us,8.04ms,67.83%
1000,noscone,1.42ms,440.41us,7.60ms,68.87%
1000,noscone,1.48ms,444.13us,7.96ms,66.68%
1000,noscone,1.44ms,447.09us,8.16ms,67.59%
1000,noscone,1.42ms,449.40us,7.82ms,70.22%
1000,noscone,1.47ms,444.64us,6.74ms,68.29%
1000,noscone,1.54ms,430.61us,8.19ms,67.98%
1000,noscone,1.46ms,423.71us,5.89ms,68.68%
1000,noscone,1.50ms,441.20us,6.56ms,68.51%
1000,noscone,1.52ms,448.01us,7.22ms,66.62%
1000,noscone,1.48ms,448.17us,7.60ms,67.67%
1000,noscone,1.50ms,452.95us,8.42ms,68.34%
1000,noscone,1.43ms,456.76us,14.57ms,70.26%
1000,noscone,1.54ms,430.61us,7.94ms,67.84%
1000,noscone,1.48ms,456.87us,8.92ms,69.60%
1000,noscone,1.43ms,445.21us,6.23ms,67.53%
1000,noscone,1.57ms,435.74us,8.40ms,70.79%
1000,noscone,1.46ms,446.49us,7.05ms,69.31%
1000,noscone,1.47ms,437.07us,7.23ms,67.68%
1000,noscone,1.53ms,426.68us,6.37ms,67.22%
1000,noscone,1.54ms,424.58us,7.06ms,67.77%
1000,noscone,1.53ms,442.60us,6.23ms,67.99%
1000,noscone,1.54ms,449.71us,6.30ms,68.22%
1000,noscone,1.56ms,415.33us,5.92ms,67.52%
1000,noscone,1.45ms,462.69us,11.25ms,71.69%
1000,noscone,1.45ms,452.05us,6.91ms,65.95%
1000,noscone,1.45ms,420.11us,8.01ms,69.86%
1000,noscone,1.46ms,436.09us,8.32ms,69.41%
1000,noscone,1.43ms,430.41us,7.76ms,68.22%
1000,noscone,1.42ms,445.23us,5.96ms,67.79%
1000,noscone,1.48ms,449.84us,9.47ms,67.16%
1000,noscone,1.43ms,471.21us,8.59ms,70.53%
1000,noscone,1.58ms,458.38us,7.89ms,68.47%
1000,noscone,1.48ms,444.74us,13.37ms,69.75%
1000,noscone,1.58ms,430.70us,7.67ms,68.05%
1000,noscone,1.56ms,431.87us,6.26ms,66.62%
1000,noscone,1.47ms,436.84us,6.26ms,66.65%
1000,noscone,1.42ms,427.52us,7.92ms,69.32%
1000,noscone,1.48ms,460.93us,6.19ms,67.01%
1000,noscone,1.47ms,451.70us,7.38ms,68.52%
1000,noscone,1.43ms,425.40us,7.52ms,69.02%
1000,noscone,1.38ms,442.51us,7.94ms,70.30%
1000,noscone,1.48ms,397.46us,8.10ms,68.59%
1000,noscone,1.48ms,446.68us,7.13ms,67.61%
1000,noscone,1.57ms,429.58us,6.50ms,67.48%
1000,noscone,1.42ms,434.22us,6.20ms,67.12%
5000,noscone,1.37ms,507.56us,8.96ms,65.92%
5000,noscone,1.35ms,512.18us,12.14ms,67.48%
5000,noscone,1.37ms,513.38us,10.33ms,64.93%
5000,noscone,1.36ms,499.83us,8.86ms,65.21%
5000,noscone,1.36ms,514.62us,11.35ms,65.62%
5000,noscone,1.36ms,540.90us,9.90ms,68.79%
5000,noscone,1.37ms,499.41us,9.86ms,65.41%
5000,noscone,1.37ms,509.60us,8.19ms,64.34%
5000,noscone,1.36ms,523.24us,14.62ms,66.74%
5000,noscone,1.36ms,496.14us,8.05ms,65.49%
5000,noscone,1.37ms,520.72us,15.27ms,68.10%
5000,noscone,1.37ms,504.36us,7.42ms,65.18%
5000,noscone,1.37ms,507.30us,9.07ms,65.10%
5000,noscone,1.35ms,506.88us,15.01ms,68.32%
5000,noscone,1.35ms,505.80us,7.75ms,65.35%
5000,noscone,1.37ms,526.91us,16.36ms,67.86%
5000,noscone,1.35ms,500.82us,8.41ms,65.05%
5000,noscone,1.35ms,498.17us,9.94ms,66.50%
5000,noscone,1.34ms,496.51us,7.32ms,65.59%
5000,noscone,1.35ms,516.24us,13.95ms,66.78%
5000,noscone,1.37ms,511.37us,9.13ms,65.24%
5000,noscone,1.37ms,508.31us,11.66ms,65.45%
5000,noscone,1.39ms,510.12us,7.10ms,64.23%
5000,noscone,1.35ms,500.54us,8.10ms,65.13%
5000,noscone,1.36ms,503.61us,8.22ms,65.09%
5000,noscone,1.38ms,510.84us,11.21ms,66.12%
5000,noscone,1.36ms,519.18us,11.22ms,65.90%
5000,noscone,1.37ms,498.80us,8.53ms,64.70%
5000,noscone,1.36ms,532.28us,18.69ms,69.03%
5000,noscone,1.36ms,506.45us,8.21ms,65.42%
5000,noscone,1.35ms,504.82us,8.70ms,65.80%
5000,noscone,1.37ms,509.94us,8.61ms,65.07%
5000,noscone,1.38ms,522.41us,9.54ms,65.46%
5000,noscone,1.37ms,499.84us,7.82ms,64.69%
5000,noscone,1.37ms,497.68us,7.64ms,64.29%
5000,noscone,1.35ms,500.42us,7.98ms,64.73%
5000,noscone,1.36ms,502.88us,8.38ms,64.88%
5000,noscone,1.36ms,506.92us,8.14ms,65.72%
5000,noscone,1.35ms,492.27us,8.66ms,66.09%
5000,noscone,1.36ms,514.05us,9.34ms,66.02%
5000,noscone,1.34ms,507.05us,8.29ms,65.67%
5000,noscone,1.36ms,501.78us,8.24ms,65.96%
5000,noscone,1.36ms,501.76us,10.44ms,66.08%
5000,noscone,1.35ms,495.16us,8.75ms,66.06%
5000,noscone,1.36ms,508.74us,15.09ms,65.56%
5000,noscone,1.34ms,549.72us,12.73ms,69.86%
5000,noscone,1.36ms,501.30us,7.48ms,63.74%
5000,noscone,1.35ms,496.40us,8.13ms,65.81%
5000,noscone,1.36ms,500.27us,9.35ms,65.48%
5000,noscone,1.36ms,485.87us,7.54ms,64.53%
10000,noscone,1.50ms,616.15us,15.88ms,70.47%
10000,noscone,1.45ms,587.85us,15.09ms,69.42%
10000,noscone,1.44ms,574.52us,12.85ms,68.54%
10000,noscone,1.46ms,568.88us,11.96ms,67.81%
10000,noscone,1.48ms,595.33us,13.43ms,70.04%
10000,noscone,1.46ms,614.72us,15.84ms,71.01%
10000,noscone,1.47ms,593.20us,14.91ms,68.24%
10000,noscone,1.50ms,632.52us,18.29ms,71.00%
10000,noscone,1.32ms,577.61us,16.80ms,74.74%
10000,noscone,1.48ms,581.39us,11.89ms,68.70%
10000,noscone,1.48ms,576.83us,9.50ms,68.08%
10000,noscone,1.51ms,589.94us,9.63ms,70.06%
10000,noscone,1.45ms,567.31us,11.87ms,68.06%
10000,noscone,1.51ms,578.54us,8.23ms,68.50%
10000,noscone,1.47ms,565.39us,8.30ms,67.95%
10000,noscone,1.49ms,596.87us,13.27ms,68.96%
10000,noscone,1.46ms,578.93us,12.73ms,68.39%
10000,noscone,1.50ms,626.28us,15.48ms,72.52%
10000,noscone,1.41ms,539.28us,9.00ms,68.14%
10000,noscone,1.47ms,568.87us,11.05ms,68.01%
10000,noscone,1.46ms,574.85us,14.17ms,70.21%
10000,noscone,1.48ms,587.46us,17.81ms,70.91%
10000,noscone,1.47ms,589.92us,12.13ms,69.11%
10000,noscone,1.46ms,575.71us,12.94ms,69.16%
10000,noscone,1.51ms,608.89us,13.35ms,68.72%
10000,noscone,1.48ms,619.84us,18.27ms,72.13%
10000,noscone,1.46ms,604.38us,17.09ms,71.38%
10000,noscone,1.43ms,540.87us,7.57ms,67.17%
10000,noscone,1.47ms,583.10us,14.62ms,70.38%
10000,noscone,1.47ms,569.33us,12.71ms,69.67%
10000,noscone,1.47ms,606.15us,15.96ms,69.88%
10000,noscone,1.45ms,609.99us,19.74ms,72.02%
10000,noscone,1.49ms,592.72us,17.30ms,71.27%
10000,noscone,1.46ms,643.20us,22.93ms,74.03%
10000,noscone,1.49ms,639.08us,22.67ms,72.46%
10000,noscone,1.48ms,589.74us,16.54ms,69.26%
10000,noscone,1.50ms,638.05us,19.54ms,73.27%
10000,noscone,1.43ms,546.62us,8.81ms,68.31%
10000,noscone,1.47ms,588.93us,17.71ms,72.59%
10000,noscone,1.45ms,587.16us,14.23ms,71.54%
10000,noscone,1.48ms,579.58us,8.33ms,67.56%
10000,noscone,1.53ms,617.50us,14.34ms,68.44%
10000,noscone,1.46ms,557.24us,11.61ms,68.68%
10000,noscone,1.46ms,575.50us,11.73ms,69.24%
10000,noscone,1.45ms,583.64us,15.58ms,69.40%
10000,noscone,1.45ms,603.34us,16.74ms,70.96%
10000,noscone,1.46ms,607.72us,18.75ms,70.80%
10000,noscone,1.47ms,578.44us,17.10ms,69.82%
10000,noscone,1.46ms,594.58us,13.76ms,69.91%
10000,noscone,1.47ms,549.02us,10.43ms,68.67%
20000,noscone,1.43ms,635.70us,9.92ms,69.30%
20000,noscone,1.49ms,1.66ms,40.74ms,98.12%
20000,noscone,1.48ms,0.95ms,21.66ms,90.24%
20000,noscone,1.42ms,809.71us,23.79ms,84.09%
20000,noscone,1.44ms,763.67us,18.61ms,80.13%
20000,noscone,1.43ms,0.92ms,25.95ms,90.28%
20000,noscone,1.45ms,0.90ms,20.16ms,88.84%
20000,noscone,1.43ms,1.29ms,35.17ms,97.57%
20000,noscone,1.46ms,1.23ms,31.46ms,96.94%
20000,noscone,1.47ms,1.00ms,25.41ms,92.45%
20000,noscone,1.46ms,1.24ms,27.81ms,96.86%
20000,noscone,1.40ms,0.85ms,22.72ms,87.93%
20000,noscone,1.38ms,0.96ms,27.81ms,92.69%
20000,noscone,1.48ms,1.11ms,33.79ms,95.40%
20000,noscone,1.53ms,1.50ms,36.96ms,97.44%
20000,noscone,1.46ms,0.92ms,19.87ms,88.60%
20000,noscone,1.39ms,772.42us,21.97ms,82.74%
20000,noscone,1.10ms,515.67us,14.06ms,83.03%
20000,noscone,1.39ms,740.71us,20.64ms,80.76%
20000,noscone,1.36ms,619.13us,11.53ms,71.87%
20000,noscone,1.40ms,717.40us,25.81ms,78.19%
20000,noscone,1.45ms,1.29ms,26.62ms,96.94%
20000,noscone,1.30ms,775.06us,22.42ms,87.09%
20000,noscone,1.51ms,1.54ms,42.85ms,97.97%
20000,noscone,1.42ms,820.66us,24.62ms,84.79%
20000,noscone,1.54ms,1.87ms,47.20ms,97.90%
20000,noscone,1.27ms,1.09ms,31.54ms,96.83%
20000,noscone,1.45ms,1.03ms,29.95ms,94.03%
20000,noscone,1.41ms,771.30us,25.76ms,81.86%
20000,noscone,1.44ms,1.21ms,31.26ms,96.90%
20000,noscone,1.40ms,1.33ms,47.55ms,98.12%
20000,noscone,1.51ms,1.31ms,28.45ms,96.75%
20000,noscone,1.28ms,1.10ms,34.43ms,97.38%
20000,noscone,1.32ms,756.60us,24.18ms,84.89%
20000,noscone,1.52ms,1.70ms,37.31ms,97.79%
20000,noscone,1.39ms,0.95ms,30.99ms,92.87%
20000,noscone,1.20ms,692.18us,19.30ms,86.03%
20000,noscone,1.32ms,717.13us,22.66ms,83.04%
20000,noscone,1.33ms,603.81us,15.22ms,71.84%
20000,noscone,1.44ms,0.91ms,30.13ms,89.29%
20000,noscone,1.30ms,664.34us,17.33ms,79.51%
20000,noscone,1.46ms,1.19ms,28.42ms,96.73%
20000,noscone,1.32ms,644.14us,13.46ms,74.57%
20000,noscone,1.41ms,0.87ms,21.68ms,88.34%
20000,noscone,1.32ms,773.97us,17.36ms,86.69%
20000,noscone,1.21ms,0.92ms,29.23ms,95.60%
20000,noscone,1.50ms,1.41ms,30.56ms,97.15%
20000,noscone,1.47ms,1.10ms,32.22ms,95.32%
20000,noscone,1.44ms,0.85ms,24.80ms,86.23%
20000,noscone,1.43ms,800.94us,23.46ms,83.10%
40000,noscone,1.33ms,729.49us,21.97ms,75.41%
40000,noscone,1.19ms,814.93us,20.61ms,87.19%
40000,noscone,1.86ms,5.45ms,92.61ms,98.34%
40000,noscone,2.13ms,6.82ms,92.93ms,97.36%
40000,noscone,1.16ms,712.26us,21.02ms,80.53%
40000,noscone,1.25ms,716.42us,17.06ms,77.07%
40000,noscone,1.46ms,2.14ms,65.28ms,99.05%
40000,noscone,4.09ms,21.58ms,259.97ms,97.89%
40000,noscone,1.36ms,653.33us,13.62ms,69.20%
40000,noscone,1.48ms,3.48ms,84.22ms,98.73%
40000,noscone,1.26ms,666.79us,15.47ms,72.15%
40000,noscone,1.77ms,5.17ms,107.71ms,98.65%
40000,noscone,2.28ms,6.86ms,89.79ms,97.06%
40000,noscone,2.00ms,5.44ms,83.26ms,98.16%
40000,noscone,1.66ms,3.52ms,70.85ms,98.68%
40000,noscone,2.00ms,6.24ms,98.30ms,98.11%
40000,noscone,1.16ms,0.92ms,29.31ms,92.94%
40000,noscone,1.41ms,2.23ms,50.66ms,98.96%
40000,noscone,1.54ms,3.01ms,86.40ms,99.09%
40000,noscone,1.76ms,4.70ms,95.81ms,98.68%
40000,noscone,1.14ms,1.20ms,29.57ms,96.84%
40000,noscone,1.29ms,3.03ms,75.14ms,98.78%
40000,noscone,1.51ms,3.71ms,76.42ms,98.54%
40000,noscone,1.26ms,691.13us,16.36ms,73.85%
40000,noscone,8.16ms,42.53ms,407.30ms,96.98%
40000,noscone,1.32ms,3.23ms,89.54ms,98.48%
40000,noscone,1.18ms,771.36us,22.82ms,84.06%
40000,noscone,1.33ms,694.74us,19.02ms,72.46%
40000,noscone,1.24ms,0.86ms,26.78ms,87.53%
40000,noscone,1.44ms,1.07ms,25.49ms,90.84%
40000,noscone,1.28ms,744.92us,13.63ms,78.40%
40000,noscone,1.25ms,789.25us,25.65ms,82.15%
40000,noscone,1.62ms,3.83ms,98.75ms,99.24%
40000,noscone,1.51ms,4.09ms,96.70ms,98.99%
40000,noscone,1.02ms,1.20ms,30.61ms,98.84%
40000,noscone,1.69ms,4.12ms,91.26ms,98.88%
40000,noscone,1.71ms,3.96ms,89.34ms,98.69%
40000,noscone,2.42ms,8.00ms,95.74ms,96.67%
40000,noscone,1.24ms,0.88ms,27.97ms,88.92%
40000,noscone,1.84ms,4.58ms,99.65ms,98.03%
40000,noscone,1.74ms,4.36ms,96.51ms,98.82%
40000,noscone,1.17ms,660.48us,15.08ms,78.08%
40000,noscone,2.12ms,6.27ms,120.96ms,98.32%
40000,noscone,2.77ms,8.56ms,97.28ms,96.35%
40000,noscone,1.41ms,1.40ms,36.58ms,97.71%
40000,noscone,1.41ms,2.23ms,64.80ms,99.00%
40000,noscone,1.98ms,6.17ms,90.18ms,97.76%
40000,noscone,4.51ms,21.34ms,248.06ms,97.09%
40000,noscone,1.98ms,5.58ms,94.66ms,98.16%
40000,noscone,5.52ms,29.68ms,318.98ms,97.37%
60000,noscone,5.71ms,27.80ms,323.84ms,97.15%
60000,noscone,3.48ms,14.07ms,192.38ms,96.91%
60000,noscone,4.95ms,20.79ms,208.13ms,96.77%
60000,noscone,1.38ms,2.97ms,63.94ms,98.50%
60000,noscone,6.00ms,25.33ms,282.37ms,96.24%
60000,noscone,1.31ms,3.39ms,68.86ms,98.15%
60000,noscone,5.38ms,23.79ms,274.43ms,96.53%
60000,noscone,4.25ms,19.12ms,237.57ms,96.95%
60000,noscone,4.65ms,21.39ms,253.82ms,97.37%
60000,noscone,1.69ms,4.62ms,97.22ms,97.75%
60000,noscone,3.26ms,13.71ms,183.68ms,97.04%
60000,noscone,5.56ms,23.66ms,254.59ms,96.51%
60000,noscone,2.17ms,7.23ms,104.90ms,96.66%
60000,noscone,1.60ms,4.14ms,82.56ms,98.54%
60000,noscone,1.82ms,5.55ms,96.64ms,97.99%
60000,noscone,1.39ms,1.31ms,29.01ms,93.51%
60000,noscone,1.19ms,0.99ms,26.50ms,91.52%
60000,noscone,0.89ms,576.15us,16.90ms,89.52%
60000,noscone,1.64ms,3.97ms,73.47ms,98.32%
60000,noscone,0.96ms,711.02us,19.92ms,92.24%
60000,noscone,1.37ms,3.73ms,68.42ms,98.13%
60000,noscone,1.28ms,1.08ms,25.22ms,92.37%
60000,noscone,0.91ms,0.95ms,39.87ms,97.86%
60000,noscone,1.49ms,4.79ms,111.68ms,98.41%
60000,noscone,1.32ms,0.94ms,20.98ms,85.64%
60000,noscone,0.87ms,609.67us,20.43ms,93.78%
60000,noscone,1.50ms,3.25ms,73.28ms,98.14%
60000,noscone,1.14ms,1.29ms,32.90ms,96.22%
60000,noscone,2.06ms,6.05ms,107.97ms,97.86%
60000,noscone,1.40ms,1.21ms,20.75ms,92.06%
60000,noscone,1.05ms,1.13ms,32.96ms,96.17%
60000,noscone,1.17ms,1.31ms,28.29ms,95.59%
60000,noscone,1.39ms,1.26ms,33.02ms,93.18%
60000,noscone,1.10ms,1.23ms,30.54ms,95.84%
60000,noscone,30.22ms,98.91ms,591.36ms,91.95%
60000,noscone,1.04ms,812.36us,17.90ms,91.65%
60000,noscone,1.37ms,1.10ms,18.14ms,90.44%
60000,noscone,1.17ms,1.32ms,30.50ms,95.60%
60000,noscone,5.32ms,24.67ms,295.68ms,96.90%
60000,noscone,1.19ms,0.90ms,16.45ms,88.64%
60000,noscone,2.48ms,7.81ms,139.65ms,96.91%
60000,noscone,1.09ms,1.25ms,30.38ms,96.43%
60000,noscone,1.32ms,2.20ms,60.00ms,97.63%
60000,noscone,1.80ms,5.05ms,87.30ms,98.20%
60000,noscone,1.25ms,1.57ms,38.46ms,96.33%
60000,noscone,1.08ms,1.53ms,39.55ms,97.32%
60000,noscone,1.25ms,1.04ms,19.95ms,91.94%
60000,noscone,1.54ms,2.92ms,68.22ms,98.16%
60000,noscone,2.00ms,6.46ms,128.77ms,98.47%
60000,noscone,1.58ms,4.51ms,96.90ms,98.42%
80000,noscone,3.05ms,9.72ms,150.14ms,96.37%
80000,noscone,0.95ms,775.64us,22.93ms,94.06%
80000,noscone,1.39ms,3.10ms,55.01ms,97.22%
80000,noscone,3.16ms,5.99ms,101.18ms,91.45%
80000,noscone,1.32ms,4.82ms,91.46ms,98.67%
80000,noscone,1.70ms,2.89ms,38.94ms,93.79%
80000,noscone,1.27ms,1.78ms,43.36ms,95.21%
80000,noscone,1.89ms,4.43ms,70.08ms,95.65%
80000,noscone,1.19ms,1.37ms,24.00ms,93.74%
80000,noscone,2.34ms,4.67ms,93.18ms,93.26%
80000,noscone,0.97ms,1.12ms,31.78ms,96.67%
80000,noscone,1.26ms,3.21ms,57.54ms,98.17%
80000,noscone,2.52ms,5.05ms,72.77ms,93.28%
80000,noscone,1.06ms,0.88ms,20.75ms,91.80%
80000,noscone,3.99ms,8.13ms,85.18ms,91.45%
80000,noscone,3.08ms,7.31ms,112.96ms,94.11%
80000,noscone,13.51ms,42.91ms,307.46ms,91.87%
80000,noscone,4.66ms,12.31ms,168.45ms,93.56%
80000,noscone,11.73ms,41.32ms,390.40ms,94.03%
80000,noscone,5.17ms,24.44ms,263.42ms,96.63%
80000,noscone,3.60ms,7.36ms,102.40ms,92.37%
80000,noscone,4.10ms,14.52ms,178.30ms,95.27%
80000,noscone,1.04ms,0.95ms,24.66ms,92.93%
80000,noscone,3.39ms,6.88ms,96.38ms,92.01%
80000,noscone,1.08ms,3.37ms,75.71ms,98.80%
80000,noscone,2.83ms,5.43ms,83.58ms,92.36%
80000,noscone,4.40ms,7.91ms,119.74ms,90.79%
80000,noscone,0.91ms,0.90ms,25.39ms,97.66%
80000,noscone,3.01ms,8.63ms,140.42ms,95.63%
80000,noscone,0.99ms,1.01ms,26.66ms,95.44%
80000,noscone,2.42ms,5.23ms,77.63ms,94.30%
80000,noscone,1.28ms,2.57ms,58.69ms,97.18%
80000,noscone,4.76ms,18.10ms,228.74ms,95.86%
80000,noscone,3.15ms,14.94ms,283.39ms,97.20%
80000,noscone,1.68ms,2.27ms,38.66ms,92.93%
80000,noscone,2.29ms,7.83ms,134.53ms,97.17%
80000,noscone,1.82ms,5.73ms,86.59ms,97.54%
80000,noscone,5.03ms,9.36ms,94.02ms,90.39%
80000,noscone,2.32ms,5.52ms,82.69ms,94.85%
80000,noscone,0.89ms,1.08ms,38.34ms,98.13%
80000,noscone,5.03ms,12.57ms,197.12ms,93.41%
80000,noscone,11.05ms,39.04ms,389.38ms,93.55%
80000,noscone,1.38ms,3.11ms,57.76ms,97.35%
80000,noscone,3.82ms,7.90ms,113.73ms,92.16%
80000,noscone,1.14ms,1.11ms,20.96ms,92.70%
80000,noscone,1.94ms,6.66ms,93.25ms,97.45%
80000,noscone,4.49ms,8.49ms,88.77ms,90.54%
80000,noscone,1.38ms,2.89ms,52.13ms,97.45%
80000,noscone,2.11ms,3.41ms,70.66ms,91.45%
80000,noscone,5.90ms,13.34ms,184.19ms,92.37%
1000,scone-async,1.60ms,436.06us,7.85ms,67.51%
1000,scone-async,1.68ms,441.54us,5.87ms,67.94%
1000,scone-async,1.70ms,452.02us,8.04ms,69.09%
1000,scone-async,1.63ms,445.71us,6.93ms,68.13%
1000,scone-async,1.73ms,433.31us,8.65ms,68.44%
1000,scone-async,1.72ms,430.52us,6.64ms,68.76%
1000,scone-async,1.64ms,451.66us,6.96ms,68.21%
1000,scone-async,1.68ms,458.65us,7.48ms,67.03%
1000,scone-async,1.68ms,468.78us,7.54ms,68.56%
1000,scone-async,1.54ms,445.64us,7.42ms,67.72%
1000,scone-async,1.63ms,465.29us,7.99ms,67.25%
1000,scone-async,1.64ms,439.18us,9.82ms,68.30%
1000,scone-async,1.73ms,456.89us,8.66ms,67.15%
1000,scone-async,1.49ms,448.69us,6.94ms,67.71%
1000,scone-async,1.54ms,468.96us,13.32ms,68.93%
1000,scone-async,1.53ms,441.43us,7.88ms,69.74%
1000,scone-async,1.68ms,443.64us,7.67ms,68.04%
1000,scone-async,1.62ms,469.81us,12.05ms,71.13%
1000,scone-async,1.67ms,449.04us,8.33ms,68.00%
1000,scone-async,1.73ms,442.39us,6.50ms,66.52%
1000,scone-async,1.52ms,437.90us,8.03ms,68.26%
1000,scone-async,1.53ms,431.51us,6.91ms,69.90%
1000,scone-async,1.52ms,450.64us,8.41ms,68.08%
1000,scone-async,1.53ms,452.79us,14.67ms,70.70%
1000,scone-async,1.55ms,447.66us,7.39ms,67.66%
1000,scone-async,1.58ms,441.52us,7.26ms,68.33%
1000,scone-async,1.60ms,426.20us,7.90ms,69.58%
1000,scone-async,1.55ms,455.16us,8.69ms,68.17%
1000,scone-async,1.54ms,442.39us,7.70ms,68.29%
1000,scone-async,1.67ms,440.24us,7.96ms,68.37%
1000,scone-async,1.57ms,450.57us,7.41ms,67.15%
1000,scone-async,1.54ms,433.38us,7.83ms,68.34%
1000,scone-async,1.66ms,448.31us,7.07ms,68.05%
1000,scone-async,1.64ms,439.13us,6.24ms,67.75%
1000,scone-async,1.54ms,454.56us,11.40ms,68.88%
1000,scone-async,1.58ms,432.78us,6.99ms,68.67%
1000,scone-async,1.62ms,430.94us,7.32ms,69.42%
1000,scone-async,1.61ms,470.16us,8.18ms,68.87%
1000,scone-async,1.70ms,436.86us,7.76ms,68.48%
1000,scone-async,1.60ms,455.38us,6.60ms,67.53%
1000,scone-async,1.67ms,466.48us,8.51ms,68.47%
1000,scone-async,1.72ms,440.99us,6.74ms,68.36%
1000,scone-async,1.57ms,452.33us,6.54ms,68.38%
1000,scone-async,1.65ms,430.81us,6.54ms,68.51%
1000,scone-async,1.51ms,432.57us,9.75ms,67.96%
1000,scone-async,1.68ms,457.49us,7.61ms,67.48%
1000,scone-async,1.53ms,429.71us,5.89ms,67.20%
1000,scone-async,1.54ms,435.16us,6.76ms,67.17%
1000,scone-async,13.87ms,88.81ms,1.00s,97.78%
1000,scone-async,1.58ms,459.77us,7.08ms,68.28%
5000,scone-async,1.47ms,525.07us,12.21ms,67.16%
5000,scone-async,1.47ms,542.98us,15.43ms,68.16%
5000,scone-async,1.49ms,516.17us,9.10ms,66.21%
5000,scone-async,1.49ms,523.13us,10.80ms,67.26%
5000,scone-async,1.48ms,518.01us,11.74ms,68.93%
5000,scone-async,1.46ms,519.81us,16.78ms,68.46%
5000,scone-async,1.45ms,497.30us,7.15ms,66.26%
5000,scone-async,1.46ms,512.54us,7.18ms,66.31%
5000,scone-async,1.47ms,510.02us,7.90ms,66.66%
5000,scone-async,1.46ms,517.17us,9.40ms,66.23%
5000,scone-async,1.48ms,529.83us,8.42ms,66.84%
5000,scone-async,1.46ms,514.90us,9.42ms,67.02%
5000,scone-async,1.46ms,506.27us,9.03ms,65.89%
5000,scone-async,1.47ms,501.83us,8.32ms,66.76%
5000,scone-async,1.45ms,514.61us,13.79ms,67.33%
5000,scone-async,1.47ms,519.97us,9.76ms,66.28%
5000,scone-async,1.47ms,513.66us,13.15ms,67.07%
5000,scone-async,1.48ms,543.01us,17.33ms,69.35%
5000,scone-async,1.47ms,558.47us,19.42ms,70.81%
5000,scone-async,1.47ms,521.01us,7.97ms,66.42%
5000,scone-async,1.46ms,540.90us,15.46ms,70.40%
5000,scone-async,1.48ms,532.52us,8.97ms,67.05%
5000,scone-async,1.45ms,510.92us,7.36ms,67.23%
5000,scone-async,1.46ms,505.10us,8.63ms,66.21%
5000,scone-async,1.46ms,518.46us,10.17ms,67.20%
5000,scone-async,1.46ms,511.10us,10.77ms,66.47%
5000,scone-async,1.50ms,519.80us,11.91ms,67.22%
5000,scone-async,1.46ms,510.70us,8.59ms,66.27%
5000,scone-async,1.51ms,532.61us,8.82ms,67.46%
5000,scone-async,1.49ms,515.87us,9.30ms,66.38%
5000,scone-async,1.47ms,520.92us,11.23ms,67.77%
5000,scone-async,1.46ms,492.38us,7.71ms,66.05%
5000,scone-async,1.49ms,514.05us,7.84ms,66.31%
5000,scone-async,1.47ms,516.95us,12.23ms,65.95%
5000,scone-async,1.51ms,532.06us,9.14ms,66.87%
5000,scone-async,1.49ms,524.09us,11.66ms,68.76%
5000,scone-async,1.47ms,513.09us,8.06ms,66.67%
5000,scone-async,1.47ms,531.59us,13.96ms,67.01%
5000,scone-async,1.44ms,494.81us,7.56ms,66.87%
5000,scone-async,1.47ms,515.32us,8.94ms,66.79%
5000,scone-async,1.47ms,516.87us,8.03ms,66.20%
5000,scone-async,1.47ms,519.37us,8.06ms,66.74%
5000,scone-async,1.48ms,508.96us,9.14ms,66.63%
5000,scone-async,1.49ms,546.17us,17.38ms,70.64%
5000,scone-async,1.49ms,542.38us,11.63ms,69.91%
5000,scone-async,1.45ms,517.09us,12.85ms,66.89%
5000,scone-async,1.49ms,510.91us,7.63ms,66.71%
5000,scone-async,1.48ms,501.61us,7.44ms,66.35%
5000,scone-async,1.50ms,542.48us,10.81ms,67.45%
5000,scone-async,1.48ms,512.75us,7.06ms,66.50%
10000,scone-async,1.80ms,733.07us,20.02ms,68.54%
10000,scone-async,1.81ms,738.15us,16.83ms,68.20%
10000,scone-async,1.66ms,650.09us,13.76ms,70.95%
10000,scone-async,1.69ms,647.93us,14.70ms,68.61%
10000,scone-async,1.80ms,746.20us,20.18ms,71.00%
10000,scone-async,1.75ms,693.04us,13.93ms,68.78%
10000,scone-async,1.79ms,713.94us,16.62ms,68.33%
10000,scone-async,1.71ms,675.48us,10.70ms,68.52%
10000,scone-async,1.70ms,671.22us,11.66ms,69.04%
10000,scone-async,1.64ms,660.77us,14.15ms,70.33%
10000,scone-async,1.64ms,639.12us,13.02ms,69.75%
10000,scone-async,1.81ms,734.73us,14.26ms,68.34%
10000,scone-async,1.72ms,659.50us,12.54ms,69.78%
10000,scone-async,1.71ms,682.13us,12.82ms,69.84%
10000,scone-async,1.75ms,678.20us,8.02ms,67.92%
10000,scone-async,1.68ms,624.40us,10.74ms,70.88%
10000,scone-async,1.78ms,698.56us,10.78ms,67.80%
10000,scone-async,1.73ms,684.39us,9.24ms,67.37%
10000,scone-async,1.78ms,746.66us,21.26ms,71.37%
10000,scone-async,1.77ms,761.04us,18.94ms,73.19%
10000,scone-async,1.62ms,644.21us,18.32ms,71.81%
10000,scone-async,1.78ms,700.75us,15.80ms,68.79%
10000,scone-async,1.75ms,711.45us,19.36ms,71.04%
10000,scone-async,1.71ms,684.25us,15.55ms,70.32%
10000,scone-async,1.75ms,729.84us,18.21ms,71.20%
10000,scone-async,1.67ms,1.16ms,32.72ms,96.26%
10000,scone-async,1.69ms,719.31us,18.83ms,73.69%
10000,scone-async,1.69ms,702.22us,15.38ms,73.16%
10000,scone-async,1.76ms,718.63us,19.42ms,69.85%
10000,scone-async,1.60ms,659.95us,18.24ms,74.39%
10000,scone-async,1.69ms,667.01us,16.78ms,69.75%
10000,scone-async,1.79ms,724.39us,18.10ms,69.76%
10000,scone-async,1.64ms,713.56us,25.50ms,76.04%
10000,scone-async,1.73ms,721.66us,14.61ms,71.32%
10000,scone-async,1.69ms,722.39us,21.31ms,73.86%
10000,scone-async,1.71ms,677.97us,12.19ms,69.04%
10000,scone-async,1.68ms,654.13us,15.90ms,69.39%
10000,scone-async,1.74ms,715.47us,19.31ms,70.18%
10000,scone-async,1.73ms,695.10us,14.18ms,70.32%
10000,scone-async,1.74ms,699.12us,14.30ms,70.13%
10000,scone-async,1.68ms,661.74us,13.27ms,69.26%
10000,scone-async,1.72ms,694.24us,16.88ms,70.53%
10000,scone-async,1.77ms,744.39us,17.89ms,69.21%
10000,scone-async,1.72ms,686.39us,10.42ms,68.57%
10000,scone-async,1.81ms,735.67us,17.09ms,69.29%
10000,scone-async,1.80ms,717.06us,15.28ms,68.40%
10000,scone-async,1.66ms,674.84us,17.07ms,73.48%
10000,scone-async,1.70ms,662.99us,11.86ms,68.51%
10000,scone-async,1.74ms,702.45us,14.10ms,68.99%
10000,scone-async,1.67ms,655.87us,10.30ms,69.94%
20000,scone-async,1.83ms,3.16ms,49.98ms,96.76%
20000,scone-async,2.91ms,5.92ms,58.59ms,93.25%
20000,scone-async,1.86ms,3.46ms,53.09ms,96.94%
20000,scone-async,1.79ms,3.27ms,55.33ms,97.36%
20000,scone-async,2.41ms,4.83ms,55.42ms,94.43%
20000,scone-async,2.37ms,4.88ms,56.03ms,95.03%
20000,scone-async,2.02ms,3.97ms,59.14ms,96.40%
20000,scone-async,1.51ms,1.73ms,41.95ms,98.48%
20000,scone-async,2.60ms,5.17ms,56.54ms,94.02%
20000,scone-async,1.69ms,2.99ms,60.00ms,97.73%
20000,scone-async,2.06ms,4.18ms,51.46ms,96.19%
20000,scone-async,2.73ms,5.54ms,57.89ms,93.08%
20000,scone-async,1.89ms,3.80ms,65.38ms,96.83%
20000,scone-async,2.30ms,4.83ms,60.67ms,95.30%
20000,scone-async,2.90ms,5.63ms,54.18ms,92.16%
20000,scone-async,3.65ms,15.91ms,223.74ms,97.38%
20000,scone-async,1.88ms,3.60ms,59.33ms,97.10%
20000,scone-async,1.69ms,2.76ms,47.01ms,95.77%
20000,scone-async,1.87ms,3.58ms,57.15ms,96.75%
20000,scone-async,2.25ms,4.45ms,68.99ms,95.10%
20000,scone-async,2.06ms,4.08ms,56.42ms,94.72%
20000,scone-async,1.74ms,2.78ms,47.74ms,96.76%
20000,scone-async,1.55ms,2.23ms,46.24ms,98.33%
20000,scone-async,2.94ms,5.99ms,59.78ms,93.14%
20000,scone-async,1.87ms,3.55ms,54.72ms,96.79%
20000,scone-async,1.92ms,3.65ms,55.62ms,96.63%
20000,scone-async,2.72ms,5.66ms,60.64ms,93.74%
20000,scone-async,2.12ms,4.16ms,58.50ms,95.84%
20000,scone-async,1.49ms,2.25ms,51.65ms,98.77%
20000,scone-async,2.59ms,5.32ms,55.33ms,94.04%
20000,scone-async,2.17ms,4.38ms,56.38ms,95.65%
20000,scone-async,1.43ms,2.17ms,53.95ms,98.19%
20000,scone-async,1.69ms,2.06ms,46.24ms,98.07%
20000,scone-async,2.95ms,5.57ms,62.34ms,91.93%
20000,scone-async,1.92ms,3.63ms,56.74ms,96.75%
20000,scone-async,2.19ms,4.59ms,56.32ms,95.87%
20000,scone-async,2.59ms,5.31ms,54.27ms,94.01%
20000,scone-async,1.26ms,1.07ms,33.15ms,97.15%
20000,scone-async,1.75ms,2.98ms,55.14ms,97.43%
20000,scone-async,2.74ms,5.49ms,63.07ms,92.90%
20000,scone-async,1.43ms,0.88ms,25.09ms,90.49%
20000,scone-async,1.43ms,744.61us,24.54ms,82.48%
20000,scone-async,2.24ms,4.31ms,53.41ms,95.45%
20000,scone-async,1.54ms,2.34ms,46.14ms,98.41%
20000,scone-async,1.85ms,3.50ms,59.14ms,96.87%
20000,scone-async,1.17ms,1.26ms,51.97ms,98.78%
20000,scone-async,1.67ms,3.07ms,51.78ms,97.93%
20000,scone-async,2.01ms,3.76ms,56.19ms,96.03%
20000,scone-async,2.56ms,5.18ms,63.42ms,94.04%
20000,scone-async,1.65ms,2.91ms,62.69ms,96.15%
40000,scone-async,1.20ms,1.14ms,36.16ms,96.28%
40000,scone-async,2.31ms,7.44ms,94.91ms,97.26%
40000,scone-async,1.36ms,812.72us,25.73ms,81.80%
40000,scone-async,1.32ms,734.11us,19.17ms,77.87%
40000,scone-async,7.05ms,32.28ms,313.09ms,96.58%
40000,scone-async,1.26ms,643.66us,14.54ms,71.41%
40000,scone-async,1.55ms,2.50ms,60.32ms,98.45%
40000,scone-async,1.71ms,4.17ms,92.74ms,98.23%
40000,scone-async,1.50ms,2.77ms,72.19ms,98.93%
40000,scone-async,1.19ms,1.41ms,40.64ms,97.88%
40000,scone-async,1.39ms,0.92ms,21.76ms,86.70%
40000,scone-async,1.24ms,1.03ms,29.94ms,94.70%
40000,scone-async,1.21ms,0.85ms,29.82ms,89.12%
40000,scone-async,1.14ms,0.99ms,30.80ms,96.03%
40000,scone-async,2.03ms,5.05ms,71.62ms,97.66%
40000,scone-async,1.33ms,748.98us,23.06ms,78.04%
40000,scone-async,1.28ms,823.92us,24.50ms,84.77%
40000,scone-async,2.11ms,5.76ms,78.40ms,96.83%
40000,scone-async,1.22ms,1.07ms,37.57ms,95.08%
40000,scone-async,1.29ms,695.94us,11.74ms,74.86%
40000,scone-async,1.70ms,3.85ms,74.82ms,98.78%
40000,scone-async,1.48ms,2.96ms,68.74ms,98.94%
40000,scone-async,1.47ms,2.51ms,64.86ms,98.87%
40000,scone-async,1.97ms,6.13ms,91.78ms,97.40%
40000,scone-async,1.40ms,839.98us,21.17ms,81.22%
40000,scone-async,1.36ms,796.58us,19.36ms,80.03%
40000,scone-async,1.21ms,1.03ms,34.37ms,94.91%
40000,scone-async,1.35ms,746.23us,18.75ms,77.19%
40000,scone-async,1.33ms,0.89ms,25.50ms,87.91%
40000,scone-async,1.16ms,1.23ms,40.99ms,97.09%
40000,scone-async,1.62ms,3.79ms,82.82ms,98.58%
40000,scone-async,1.25ms,816.50us,20.56ms,86.82%
40000,scone-async,1.38ms,797.37us,14.84ms,79.31%
40000,scone-async,1.61ms,3.20ms,75.65ms,98.68%
40000,scone-async,1.23ms,1.05ms,29.31ms,94.87%
40000,scone-async,1.78ms,4.41ms,68.35ms,98.57%
40000,scone-async,1.88ms,4.96ms,79.17ms,97.92%
40000,scone-async,1.08ms,0.91ms,32.29ms,96.18%
40000,scone-async,2.15ms,7.06ms,115.52ms,97.39%
40000,scone-async,2.13ms,6.07ms,87.94ms,97.58%
40000,scone-async,1.50ms,2.21ms,59.20ms,98.53%
40000,scone-async,1.40ms,1.74ms,48.45ms,97.76%
40000,scone-async,1.86ms,4.79ms,77.76ms,98.27%
40000,scone-async,1.27ms,733.97us,26.03ms,78.40%
40000,scone-async,1.26ms,1.18ms,37.34ms,95.51%
40000,scone-async,1.69ms,3.92ms,71.36ms,98.73%
40000,scone-async,1.37ms,789.06us,19.36ms,79.50%
40000,scone-async,1.32ms,763.75us,15.15ms,78.66%
40000,scone-async,2.20ms,7.00ms,92.29ms,97.30%
40000,scone-async,1.22ms,1.04ms,30.30ms,94.84%
60000,scone-async,1.42ms,3.25ms,63.90ms,97.61%
60000,scone-async,2.27ms,11.14ms,318.72ms,98.36%
60000,scone-async,7.58ms,26.67ms,266.24ms,95.30%
60000,scone-async,40.32ms,110.26ms,616.96ms,89.20%
60000,scone-async,3.01ms,5.49ms,70.78ms,91.41%
60000,scone-async,1.85ms,2.67ms,40.32ms,92.73%
60000,scone-async,1.49ms,2.36ms,44.45ms,95.38%
60000,scone-async,3.82ms,7.17ms,99.97ms,91.09%
60000,scone-async,4.74ms,10.64ms,133.89ms,92.39%
60000,scone-async,2.11ms,4.72ms,105.41ms,95.33%
60000,scone-async,3.38ms,8.37ms,161.02ms,93.38%
60000,scone-async,1.68ms,2.52ms,42.85ms,94.35%
60000,scone-async,1.90ms,3.59ms,61.44ms,94.37%
60000,scone-async,9.64ms,21.66ms,208.00ms,90.45%
60000,scone-async,2.66ms,4.92ms,75.46ms,92.08%
60000,scone-async,4.31ms,8.37ms,109.44ms,90.89%
60000,scone-async,1.96ms,4.21ms,66.88ms,95.23%
60000,scone-async,15.91ms,25.40ms,202.11ms,86.82%
60000,scone-async,3.47ms,7.78ms,112.32ms,93.10%
60000,scone-async,8.30ms,15.04ms,150.40ms,89.17%
60000,scone-async,1.43ms,2.63ms,49.73ms,96.83%
60000,scone-async,31.93ms,83.78ms,570.88ms,89.71%
60000,scone-async,2.50ms,6.07ms,110.72ms,95.26%
60000,scone-async,3.09ms,5.91ms,108.29ms,92.09%
60000,scone-async,3.68ms,7.13ms,80.77ms,91.61%
60000,scone-async,21.00ms,51.65ms,444.42ms,91.33%
60000,scone-async,5.41ms,14.23ms,175.36ms,93.43%
60000,scone-async,1.35ms,1.89ms,47.39ms,95.08%
60000,scone-async,1.55ms,3.04ms,68.99ms,96.74%
60000,scone-async,2.82ms,5.78ms,74.50ms,93.23%
60000,scone-async,3.35ms,5.87ms,79.81ms,91.16%
60000,scone-async,2.09ms,4.23ms,72.51ms,94.96%
60000,scone-async,3.15ms,6.15ms,92.29ms,92.23%
60000,scone-async,1.42ms,2.72ms,48.48ms,97.08%
60000,scone-async,2.56ms,4.99ms,90.24ms,93.35%
60000,scone-async,2.47ms,4.79ms,65.98ms,93.16%
60000,scone-async,4.57ms,10.29ms,146.30ms,92.41%
60000,scone-async,3.26ms,6.30ms,72.26ms,91.59%
60000,scone-async,3.41ms,9.87ms,144.38ms,95.60%
60000,scone-async,3.20ms,6.37ms,81.47ms,92.11%
60000,scone-async,2.18ms,3.61ms,59.71ms,92.75%
60000,scone-async,6.57ms,13.64ms,184.70ms,90.98%
60000,scone-async,3.09ms,6.58ms,146.69ms,93.23%
60000,scone-async,3.66ms,8.41ms,132.74ms,92.57%
60000,scone-async,28.00ms,54.10ms,478.72ms,88.08%
60000,scone-async,6.60ms,13.87ms,196.48ms,91.14%
60000,scone-async,10.05ms,38.67ms,371.46ms,94.62%
60000,scone-async,11.59ms,39.36ms,395.52ms,93.78%
60000,scone-async,3.62ms,7.56ms,123.01ms,92.29%
60000,scone-async,5.81ms,12.51ms,179.58ms,91.56%
80000,scone-async,1.77s,657.47ms,3.63s,67.68%
80000,scone-async,1.83s,556.48ms,3.01s,67.16%
80000,scone-async,2.34s,565.97ms,3.73s,67.13%
80000,scone-async,1.42s,713.21ms,4.00s,62.35%
80000,scone-async,755.28ms,604.68ms,2.51s,61.83%
80000,scone-async,615.79ms,448.12ms,2.16s,65.82%
80000,scone-async,1.31s,713.77ms,2.81s,63.88%
80000,scone-async,2.46s,760.26ms,4.54s,63.55%
80000,scone-async,1.73s,790.31ms,4.82s,72.74%
80000,scone-async,743.86ms,542.51ms,2.12s,61.11%
80000,scone-async,698.87ms,498.88ms,2.07s,61.81%
80000,scone-async,1.79s,562.53ms,3.37s,70.81%
80000,scone-async,373.63ms,481.44ms,1.89s,81.63%
80000,scone-async,1.04s,466.28ms,2.45s,68.02%
80000,scone-async,774.66ms,604.15ms,2.39s,54.25%
80000,scone-async,1.37s,736.56ms,3.56s,72.23%
80000,scone-async,1.25s,512.08ms,2.83s,69.57%
80000,scone-async,1.16s,744.88ms,2.95s,63.37%
80000,scone-async,180.62ms,268.69ms,1.25s,83.28%
80000,scone-async,1.09s,541.87ms,2.94s,67.77%
80000,scone-async,29.39ms,102.75ms,941.06ms,92.79%
80000,scone-async,392.90ms,380.01ms,1.44s,52.55%
80000,scone-async,2.18s,633.05ms,4.10s,70.81%
80000,scone-async,2.88s,739.52ms,5.15s,68.16%
80000,scone-async,762.11ms,512.25ms,1.89s,59.40%
80000,scone-async,1.70s,462.13ms,3.33s,72.78%
80000,scone-async,1.25s,448.73ms,2.38s,64.76%
80000,scone-async,1.17s,594.73ms,2.68s,64.38%
80000,scone-async,1.01s,432.33ms,2.22s,67.87%
80000,scone-async,424.13ms,442.24ms,1.78s,81.73%
80000,scone-async,1.51s,458.72ms,2.75s,68.27%
80000,scone-async,1.27s,599.19ms,2.81s,66.28%
80000,scone-async,2.27s,541.44ms,3.98s,69.38%
80000,scone-async,2.71s,538.28ms,4.24s,64.76%
80000,scone-async,125.23ms,229.17ms,1.14s,84.94%
80000,scone-async,2.84s,604.35ms,4.53s,63.58%
80000,scone-async,2.52s,607.99ms,4.64s,66.99%
80000,scone-async,1.52s,587.08ms,3.31s,66.97%
80000,scone-async,3.12s,575.33ms,4.76s,64.28%
80000,scone-async,1.52s,522.13ms,2.59s,64.79%
80000,scone-async,1.03s,654.01ms,2.47s,59.49%
80000,scone-async,1.62s,535.46ms,2.96s,65.95%
80000,scone-async,1.67s,597.14ms,3.70s,72.15%
80000,scone-async,1.08s,458.00ms,2.19s,68.28%
80000,scone-async,1.79s,700.85ms,3.71s,66.51%
80000,scone-async,1.12s,582.97ms,2.47s,66.72%
80000,scone-async,1.77s,563.33ms,3.03s,62.63%
80000,scone-async,1.51s,591.80ms,2.99s,69.73%
80000,scone-async,1.28s,825.61ms,3.19s,64.61%
80000,scone-async,1.66s,659.46ms,3.51s,67.32%
1000,scone-sync,1.49ms,439.85us,6.10ms,67.44%
1000,scone-sync,1.71ms,442.15us,9.46ms,68.63%
1000,scone-sync,1.62ms,456.75us,6.62ms,68.25%
1000,scone-sync,1.58ms,462.70us,8.15ms,69.84%
1000,scone-sync,1.55ms,451.70us,7.02ms,69.29%
1000,scone-sync,1.63ms,467.55us,7.69ms,69.01%
1000,scone-sync,1.75ms,439.88us,8.11ms,67.89%
1000,scone-sync,1.70ms,438.01us,6.82ms,67.24%
1000,scone-sync,1.66ms,452.41us,6.10ms,68.37%
1000,scone-sync,1.55ms,424.14us,7.02ms,69.87%
1000,scone-sync,1.73ms,448.46us,7.72ms,67.88%
1000,scone-sync,1.69ms,477.36us,7.48ms,67.54%
1000,scone-sync,1.70ms,453.35us,7.18ms,69.11%
1000,scone-sync,1.54ms,455.51us,7.43ms,68.01%
1000,scone-sync,1.66ms,466.77us,12.63ms,70.23%
1000,scone-sync,1.65ms,458.57us,8.07ms,66.81%
1000,scone-sync,1.47ms,438.55us,7.91ms,67.30%
1000,scone-sync,1.61ms,462.41us,10.00ms,66.82%
1000,scone-sync,1.53ms,454.02us,7.45ms,68.00%
1000,scone-sync,1.47ms,465.96us,8.11ms,67.76%
1000,scone-sync,1.70ms,437.63us,6.90ms,68.40%
1000,scone-sync,1.71ms,435.34us,7.37ms,67.88%
1000,scone-sync,1.70ms,447.46us,7.72ms,67.65%
1000,scone-sync,1.71ms,447.59us,6.20ms,67.78%
1000,scone-sync,1.68ms,461.53us,6.88ms,67.37%
1000,scone-sync,1.55ms,437.25us,6.72ms,67.64%
1000,scone-sync,1.53ms,441.28us,7.55ms,67.13%
1000,scone-sync,1.62ms,436.75us,9.93ms,69.46%
1000,scone-sync,1.61ms,455.60us,7.06ms,68.81%
1000,scone-sync,1.55ms,446.08us,7.50ms,68.30%
1000,scone-sync,1.65ms,463.43us,10.90ms,70.26%
1000,scone-sync,1.63ms,446.72us,6.69ms,68.06%
1000,scone-sync,1.66ms,457.35us,7.64ms,70.14%
1000,scone-sync,1.62ms,476.55us,13.12ms,70.10%
1000,scone-sync,1.57ms,443.38us,7.30ms,68.32%
1000,scone-sync,1.63ms,462.33us,7.49ms,67.16%
1000,scone-sync,1.68ms,438.34us,6.66ms,68.48%
1000,scone-sync,1.66ms,455.05us,11.13ms,67.81%
1000,scone-sync,1.71ms,462.04us,8.02ms,65.88%
1000,scone-sync,1.73ms,451.23us,6.36ms,66.92%
1000,scone-sync,1.71ms,465.73us,12.05ms,69.41%
1000,scone-sync,1.65ms,451.03us,6.61ms,68.35%
1000,scone-sync,1.51ms,440.28us,8.36ms,68.77%
1000,scone-sync,1.65ms,467.91us,8.55ms,71.17%
1000,scone-sync,1.71ms,476.62us,9.90ms,71.53%
1000,scone-sync,1.50ms,447.88us,7.66ms,67.20%
1000,scone-sync,1.49ms,428.63us,8.46ms,71.21%
1000,scone-sync,1.49ms,437.12us,6.86ms,68.70%
1000,scone-sync,1.54ms,435.90us,7.25ms,67.87%
1000,scone-sync,1.58ms,452.58us,6.61ms,67.63%
5000,scone-sync,1.45ms,512.06us,8.66ms,67.52%
5000,scone-sync,1.48ms,517.96us,11.94ms,67.67%
5000,scone-sync,1.49ms,512.58us,10.18ms,66.92%
5000,scone-sync,1.46ms,497.50us,9.29ms,66.94%
5000,scone-sync,1.50ms,581.96us,12.24ms,71.82%
5000,scone-sync,1.49ms,514.34us,13.66ms,67.27%
5000,scone-sync,1.48ms,520.88us,9.52ms,66.94%
5000,scone-sync,1.48ms,519.79us,12.81ms,67.95%
5000,scone-sync,1.46ms,519.78us,12.08ms,67.82%
5000,scone-sync,1.46ms,512.45us,7.10ms,66.16%
5000,scone-sync,1.49ms,537.48us,11.45ms,67.86%
5000,scone-sync,1.46ms,522.44us,13.82ms,66.91%
5000,scone-sync,1.51ms,517.28us,7.08ms,66.99%
5000,scone-sync,1.49ms,532.56us,14.62ms,68.54%
5000,scone-sync,1.51ms,510.01us,8.22ms,66.50%
5000,scone-sync,1.48ms,506.29us,8.26ms,67.02%
5000,scone-sync,1.45ms,500.47us,7.70ms,66.37%
5000,scone-sync,1.49ms,536.39us,14.23ms,68.83%
5000,scone-sync,1.46ms,519.04us,7.41ms,66.57%
5000,scone-sync,1.45ms,530.44us,12.18ms,68.34%
5000,scone-sync,1.47ms,513.88us,9.15ms,66.54%
5000,scone-sync,1.48ms,519.12us,13.24ms,66.57%
5000,scone-sync,1.45ms,519.53us,9.33ms,67.48%
5000,scone-sync,1.49ms,521.94us,8.20ms,66.55%
5000,scone-sync,1.46ms,518.96us,8.78ms,66.32%
5000,scone-sync,1.46ms,526.15us,14.13ms,68.36%
5000,scone-sync,1.48ms,514.41us,8.15ms,66.95%
5000,scone-sync,1.45ms,507.63us,7.35ms,67.00%
5000,scone-sync,1.49ms,516.69us,7.85ms,66.00%
5000,scone-sync,1.50ms,531.78us,9.40ms,66.69%
5000,scone-sync,1.43ms,494.82us,7.08ms,65.84%
5000,scone-sync,1.45ms,546.72us,20.16ms,70.40%
5000,scone-sync,1.47ms,500.04us,9.70ms,66.59%
5000,scone-sync,1.46ms,518.57us,12.81ms,67.71%
5000,scone-sync,1.46ms,565.11us,16.88ms,71.67%
5000,scone-sync,1.48ms,515.85us,9.11ms,67.04%
5000,scone-sync,1.46ms,509.04us,8.34ms,66.41%
5000,scone-sync,1.48ms,534.64us,9.86ms,66.88%
5000,scone-sync,1.44ms,512.74us,9.69ms,67.25%
5000,scone-sync,1.46ms,519.97us,12.67ms,66.55%
5000,scone-sync,1.45ms,524.50us,13.01ms,69.57%
5000,scone-sync,1.45ms,524.41us,12.60ms,68.33%
5000,scone-sync,1.48ms,510.19us,11.02ms,67.63%
5000,scone-sync,1.49ms,526.54us,8.36ms,66.37%
5000,scone-sync,1.45ms,508.77us,8.90ms,66.35%
5000,scone-sync,1.47ms,528.59us,8.82ms,67.42%
5000,scone-sync,1.49ms,526.42us,9.28ms,66.39%
5000,scone-sync,1.44ms,521.78us,14.54ms,67.90%
5000,scone-sync,1.46ms,502.05us,8.51ms,66.70%
5000,scone-sync,1.45ms,526.01us,16.02ms,69.22%
10000,scone-sync,2.54ms,7.79ms,113.98ms,98.85%
10000,scone-sync,1.69ms,684.47us,18.99ms,72.13%
10000,scone-sync,1.66ms,706.16us,18.93ms,73.90%
10000,scone-sync,1.79ms,724.00us,15.03ms,68.56%
10000,scone-sync,1.70ms,672.97us,10.80ms,70.64%
10000,scone-sync,1.73ms,680.86us,13.44ms,69.18%
10000,scone-sync,1.77ms,754.53us,21.92ms,73.38%
10000,scone-sync,1.79ms,749.40us,20.99ms,70.98%
10000,scone-sync,1.68ms,702.52us,17.55ms,72.58%
10000,scone-sync,1.71ms,701.58us,18.46ms,71.27%
10000,scone-sync,1.66ms,757.96us,29.36ms,79.04%
10000,scone-sync,1.73ms,678.41us,10.76ms,69.70%
10000,scone-sync,1.67ms,671.90us,20.66ms,72.06%
10000,scone-sync,1.86ms,785.20us,18.11ms,70.43%
10000,scone-sync,1.68ms,648.67us,8.64ms,69.50%
10000,scone-sync,1.70ms,699.85us,19.04ms,72.11%
10000,scone-sync,1.68ms,693.77us,17.39ms,71.32%
10000,scone-sync,1.77ms,716.42us,18.37ms,69.49%
10000,scone-sync,1.66ms,680.66us,18.93ms,72.17%
10000,scone-sync,1.63ms,653.87us,14.56ms,71.82%
10000,scone-sync,1.76ms,712.61us,19.92ms,70.69%
10000,scone-sync,1.69ms,708.45us,21.23ms,73.92%
10000,scone-sync,1.76ms,713.30us,14.64ms,69.69%
10000,scone-sync,1.66ms,658.67us,13.18ms,71.48%
10000,scone-sync,1.86ms,770.54us,11.69ms,68.18%
10000,scone-sync,1.75ms,755.00us,24.40ms,73.55%
10000,scone-sync,1.62ms,638.25us,17.07ms,72.87%
10000,scone-sync,1.70ms,707.11us,20.86ms,70.43%
10000,scone-sync,1.73ms,686.50us,15.62ms,69.91%
10000,scone-sync,1.76ms,707.67us,17.06ms,69.40%
10000,scone-sync,1.78ms,725.19us,15.65ms,69.00%
10000,scone-sync,1.65ms,643.80us,14.37ms,70.45%
10000,scone-sync,1.75ms,705.06us,15.19ms,70.22%
10000,scone-sync,1.66ms,643.06us,13.42ms,70.48%
10000,scone-sync,1.78ms,736.54us,18.93ms,69.55%
10000,scone-sync,1.73ms,687.61us,12.84ms,69.32%
10000,scone-sync,1.69ms,703.78us,21.10ms,71.73%
10000,scone-sync,1.73ms,708.25us,20.26ms,70.91%
10000,scone-sync,1.68ms,649.47us,13.94ms,69.65%
10000,scone-sync,1.77ms,792.35us,21.95ms,75.00%
10000,scone-sync,1.71ms,687.69us,13.75ms,70.25%
10000,scone-sync,1.70ms,660.24us,12.49ms,69.12%
10000,scone-sync,1.73ms,672.55us,9.96ms,68.84%
10000,scone-sync,1.75ms,694.03us,10.55ms,67.90%
10000,scone-sync,1.65ms,737.70us,20.83ms,75.26%
10000,scone-sync,1.65ms,702.69us,21.58ms,74.27%
10000,scone-sync,1.68ms,650.16us,10.18ms,69.62%
10000,scone-sync,1.68ms,696.06us,16.96ms,71.77%
10000,scone-sync,1.65ms,750.25us,26.80ms,77.85%
10000,scone-sync,1.79ms,807.65us,18.48ms,75.17%
20000,scone-sync,2.53ms,5.12ms,61.12ms,93.83%
20000,scone-sync,1.74ms,3.02ms,50.18ms,95.90%
20000,scone-sync,1.80ms,3.39ms,53.12ms,97.42%
20000,scone-sync,2.80ms,5.58ms,59.07ms,93.37%
20000,scone-sync,2.27ms,4.53ms,60.48ms,95.07%
20000,scone-sync,2.35ms,4.68ms,62.24ms,94.74%
20000,scone-sync,2.71ms,5.64ms,55.49ms,94.04%
20000,scone-sync,2.43ms,5.19ms,67.20ms,95.12%
20000,scone-sync,2.12ms,4.27ms,59.10ms,96.00%
20000,scone-sync,1.89ms,3.85ms,54.50ms,96.82%
20000,scone-sync,2.70ms,5.56ms,61.57ms,93.31%
20000,scone-sync,1.63ms,2.71ms,49.98ms,98.11%
20000,scone-sync,1.84ms,3.48ms,54.43ms,96.94%
20000,scone-sync,2.29ms,4.70ms,57.15ms,94.82%
20000,scone-sync,1.91ms,3.53ms,52.29ms,96.56%
20000,scone-sync,2.14ms,4.40ms,73.79ms,95.65%
20000,scone-sync,2.51ms,5.08ms,55.90ms,94.50%
20000,scone-sync,1.64ms,2.81ms,50.46ms,97.64%
20000,scone-sync,1.97ms,3.80ms,57.57ms,96.40%
20000,scone-sync,1.64ms,2.78ms,43.84ms,96.18%
20000,scone-sync,1.71ms,2.82ms,47.78ms,97.33%
20000,scone-sync,1.73ms,3.16ms,55.62ms,97.72%
20000,scone-sync,2.67ms,5.34ms,66.05ms,93.74%
20000,scone-sync,2.16ms,4.51ms,65.66ms,95.93%
20000,scone-sync,4.06ms,18.16ms,229.63ms,97.17%
20000,scone-sync,2.46ms,4.92ms,60.45ms,93.94%
20000,scone-sync,2.20ms,4.32ms,52.80ms,95.30%
20000,scone-sync,2.03ms,4.07ms,60.86ms,96.42%
20000,scone-sync,2.12ms,4.00ms,51.04ms,95.45%
20000,scone-sync,2.67ms,5.65ms,67.90ms,94.16%
20000,scone-sync,1.82ms,3.14ms,55.68ms,96.94%
20000,scone-sync,2.34ms,4.84ms,65.47ms,95.13%
20000,scone-sync,2.32ms,4.79ms,55.55ms,94.61%
20000,scone-sync,1.19ms,814.38us,28.29ms,94.15%
20000,scone-sync,1.91ms,3.51ms,58.14ms,96.29%
20000,scone-sync,2.76ms,5.39ms,55.01ms,92.81%
20000,scone-sync,1.67ms,3.01ms,54.18ms,97.54%
20000,scone-sync,1.42ms,1.97ms,46.34ms,98.73%
20000,scone-sync,2.43ms,4.88ms,58.94ms,94.59%
20000,scone-sync,1.68ms,2.76ms,50.78ms,97.61%
20000,scone-sync,1.89ms,3.64ms,52.90ms,96.70%
20000,scone-sync,2.14ms,4.35ms,58.59ms,95.89%
20000,scone-sync,1.70ms,2.97ms,54.08ms,97.51%
20000,scone-sync,1.64ms,3.01ms,58.53ms,98.28%
20000,scone-sync,2.81ms,5.61ms,56.35ms,92.97%
20000,scone-sync,1.69ms,2.88ms,46.18ms,96.44%
20000,scone-sync,1.92ms,3.52ms,58.72ms,96.64%
20000,scone-sync,3.48ms,6.82ms,63.62ms,91.06%
20000,scone-sync,1.71ms,3.05ms,58.05ms,97.77%
20000,scone-sync,2.47ms,5.16ms,61.63ms,94.65%
40000,scone-sync,1.20ms,760.32us,21.79ms,84.87%
40000,scone-sync,2.50ms,10.66ms,159.23ms,97.78%
40000,scone-sync,1.27ms,786.91us,22.64ms,82.72%
40000,scone-sync,2.19ms,5.96ms,80.77ms,97.14%
40000,scone-sync,1.52ms,1.23ms,24.05ms,92.94%
40000,scone-sync,1.70ms,3.74ms,70.40ms,98.70%
40000,scone-sync,1.08ms,0.94ms,24.34ms,97.99%
40000,scone-sync,1.33ms,3.72ms,106.11ms,98.37%
40000,scone-sync,1.21ms,1.02ms,34.08ms,94.44%
40000,scone-sync,1.55ms,2.65ms,64.99ms,98.81%
40000,scone-sync,1.62ms,4.31ms,89.28ms,98.36%
40000,scone-sync,1.61ms,3.13ms,76.35ms,98.72%
40000,scone-sync,7.38ms,36.27ms,381.44ms,96.85%
40000,scone-sync,1.52ms,3.28ms,62.56ms,98.93%
40000,scone-sync,1.37ms,1.13ms,35.81ms,94.29%
40000,scone-sync,1.52ms,2.62ms,63.58ms,98.99%
40000,scone-sync,1.66ms,3.63ms,87.62ms,98.69%
40000,scone-sync,1.22ms,1.60ms,35.58ms,98.16%
40000,scone-sync,1.40ms,1.41ms,34.43ms,96.29%
40000,scone-sync,1.50ms,3.11ms,70.98ms,99.03%
40000,scone-sync,1.34ms,763.43us,20.70ms,79.00%
40000,scone-sync,1.27ms,1.80ms,44.58ms,98.28%
40000,scone-sync,2.04ms,5.87ms,82.69ms,97.54%
40000,scone-sync,1.35ms,710.10us,18.22ms,74.41%
40000,scone-sync,1.57ms,3.30ms,75.78ms,99.15%
40000,scone-sync,1.14ms,1.04ms,36.35ms,95.91%
40000,scone-sync,1.21ms,764.92us,20.82ms,84.87%
40000,scone-sync,1.35ms,700.64us,14.53ms,73.82%
40000,scone-sync,2.04ms,5.93ms,78.53ms,97.47%
40000,scone-sync,1.38ms,812.93us,17.02ms,80.04%
40000,scone-sync,1.13ms,0.91ms,24.62ms,95.49%
40000,scone-sync,1.47ms,1.33ms,32.46ms,95.16%
40000,scone-sync,1.17ms,2.51ms,57.73ms,98.58%
40000,scone-sync,1.41ms,0.89ms,21.71ms,84.09%
40000,scone-sync,1.41ms,3.17ms,76.10ms,98.59%
40000,scone-sync,1.42ms,1.10ms,35.46ms,92.94%
40000,scone-sync,1.36ms,730.77us,17.36ms,75.61%
40000,scone-sync,15.86ms,67.15ms,494.34ms,95.12%
40000,scone-sync,1.55ms,3.25ms,78.21ms,98.58%
40000,scone-sync,1.20ms,1.41ms,35.97ms,97.73%
40000,scone-sync,1.84ms,4.58ms,78.08ms,98.13%
40000,scone-sync,8.09ms,44.75ms,398.85ms,97.59%
40000,scone-sync,1.30ms,800.74us,23.79ms,82.31%
40000,scone-sync,2.81ms,11.39ms,262.14ms,97.08%
40000,scone-sync,1.69ms,5.10ms,94.46ms,97.91%
40000,scone-sync,1.20ms,794.38us,24.70ms,86.88%
40000,scone-sync,1.64ms,3.97ms,76.16ms,98.62%
40000,scone-sync,1.68ms,4.88ms,74.05ms,97.83%
40000,scone-sync,1.18ms,705.36us,21.46ms,81.69%
40000,scone-sync,1.68ms,4.63ms,90.88ms,98.30%
60000,scone-sync,3.64ms,8.68ms,147.33ms,93.25%
60000,scone-sync,6.73ms,17.17ms,222.72ms,93.29%
60000,scone-sync,12.27ms,20.94ms,203.52ms,88.09%
60000,scone-sync,4.49ms,10.93ms,121.15ms,93.50%
60000,scone-sync,2.48ms,6.48ms,98.62ms,95.58%
60000,scone-sync,13.01ms,24.45ms,296.19ms,89.54%
60000,scone-sync,3.82ms,8.83ms,142.08ms,93.11%
60000,scone-sync,5.27ms,11.99ms,160.13ms,92.14%
60000,scone-sync,4.46ms,14.85ms,173.57ms,95.63%
60000,scone-sync,4.52ms,9.56ms,110.21ms,91.28%
60000,scone-sync,3.09ms,7.78ms,261.76ms,94.20%
60000,scone-sync,2.16ms,6.09ms,110.66ms,96.57%
60000,scone-sync,6.64ms,14.18ms,149.38ms,90.90%
60000,scone-sync,3.12ms,7.69ms,134.14ms,94.52%
60000,scone-sync,5.04ms,13.43ms,171.65ms,93.35%
60000,scone-sync,3.31ms,7.77ms,141.95ms,93.62%
60000,scone-sync,4.39ms,9.44ms,133.76ms,92.15%
60000,scone-sync,5.52ms,12.21ms,184.19ms,91.29%
60000,scone-sync,3.16ms,8.32ms,145.28ms,94.74%
60000,scone-sync,38.97ms,103.26ms,704.00ms,89.68%
60000,scone-sync,3.40ms,10.77ms,179.58ms,95.49%
60000,scone-sync,1.58ms,3.55ms,78.08ms,97.05%
60000,scone-sync,1.77ms,3.79ms,68.35ms,96.39%
60000,scone-sync,4.11ms,10.44ms,147.71ms,93.77%
60000,scone-sync,3.66ms,8.92ms,150.66ms,93.69%
60000,scone-sync,5.89ms,13.62ms,139.78ms,92.11%
60000,scone-sync,3.29ms,9.44ms,131.71ms,95.28%
60000,scone-sync,3.87ms,7.43ms,87.23ms,91.11%
60000,scone-sync,21.82ms,58.96ms,427.26ms,90.76%
60000,scone-sync,2.46ms,5.63ms,100.54ms,94.62%
60000,scone-sync,7.52ms,14.64ms,141.44ms,89.72%
60000,scone-sync,2.29ms,3.76ms,55.07ms,92.05%
60000,scone-sync,4.16ms,8.62ms,137.22ms,91.88%
60000,scone-sync,1.40ms,2.33ms,49.60ms,96.73%
60000,scone-sync,45.43ms,113.91ms,724.99ms,88.11%
60000,scone-sync,36.93ms,96.31ms,709.63ms,89.66%
60000,scone-sync,2.65ms,5.48ms,82.94ms,93.73%
60000,scone-sync,5.73ms,11.98ms,137.98ms,90.77%
60000,scone-sync,3.13ms,5.52ms,96.58ms,91.05%
60000,scone-sync,3.62ms,8.90ms,141.57ms,93.69%
60000,scone-sync,3.43ms,12.88ms,165.63ms,96.41%
60000,scone-sync,3.87ms,11.03ms,169.47ms,94.77%
60000,scone-sync,2.30ms,4.99ms,101.44ms,94.28%
60000,scone-sync,1.67ms,2.38ms,35.20ms,93.65%
60000,scone-sync,2.98ms,8.19ms,165.50ms,95.35%
60000,scone-sync,3.26ms,5.91ms,108.10ms,90.95%
60000,scone-sync,1.55ms,2.46ms,57.28ms,95.04%
60000,scone-sync,3.04ms,7.37ms,105.02ms,93.94%
60000,scone-sync,2.09ms,7.05ms,131.71ms,97.79%
60000,scone-sync,2.27ms,5.80ms,120.90ms,95.82%
80000,scone-sync,637.74ms,427.41ms,1.64s,58.76%
80000,scone-sync,684.70ms,516.20ms,2.40s,60.73%
80000,scone-sync,890.60ms,469.24ms,2.16s,68.24%
80000,scone-sync,2.25s,784.22ms,4.70s,71.61%
80000,scone-sync,1.75s,721.81ms,3.82s,68.15%
80000,scone-sync,861.07ms,599.36ms,2.58s,62.67%
80000,scone-sync,1.94s,817.72ms,4.57s,65.40%
80000,scone-sync,277.64ms,250.97ms,1.21s,64.48%
80000,scone-sync,1.63s,401.43ms,3.13s,67.40%
80000,scone-sync,1.31ms,3.97ms,62.34ms,98.00%
80000,scone-sync,40.26ms,133.66ms,1.09s,92.87%
80000,scone-sync,1.78s,471.49ms,3.32s,70.83%
80000,scone-sync,1.50s,509.68ms,2.70s,65.11%
80000,scone-sync,1.10s,917.37ms,2.85s,51.58%
80000,scone-sync,784.67ms,473.67ms,2.10s,63.36%
80000,scone-sync,1.28s,563.14ms,2.43s,69.06%
80000,scone-sync,879.40ms,535.12ms,2.13s,59.38%
80000,scone-sync,36.95ms,66.49ms,450.05ms,86.16%
80000,scone-sync,1.29s,464.85ms,2.72s,69.67%
80000,scone-sync,1.53s,627.93ms,3.13s,69.35%
80000,scone-sync,251.15ms,359.98ms,1.63s,82.76%
80000,scone-sync,318.23ms,308.01ms,1.51s,68.79%
80000,scone-sync,2.95s,462.92ms,4.12s,66.39%
80000,scone-sync,620.08ms,544.65ms,1.84s,48.38%
80000,scone-sync,2.61s,754.77ms,4.80s,70.92%
80000,scone-sync,776.10ms,564.07ms,2.10s,59.77%
80000,scone-sync,1.67s,521.63ms,2.66s,67.93%
80000,scone-sync,545.22ms,487.95ms,1.79s,48.60%
80000,scone-sync,2.13s,618.49ms,3.95s,66.36%
80000,scone-sync,270.70ms,333.69ms,1.42s,85.45%
80000,scone-sync,900.64ms,656.63ms,2.55s,61.56%
80000,scone-sync,1.04s,474.59ms,2.37s,64.69%
80000,scone-sync,583.53ms,580.98ms,2.06s,70.47%
80000,scone-sync,46.34ms,116.07ms,1.02s,90.86%
80000,scone-sync,884.94ms,624.71ms,2.27s,57.46%
80000,scone-sync,1.24s,523.07ms,2.43s,62.69%
80000,scone-sync,708.35ms,518.43ms,2.19s,60.01%
80000,scone-sync,508.59ms,426.97ms,1.70s,54.38%
80000,scone-sync,1.87s,433.67ms,2.78s,68.06%
80000,scone-sync,10.58ms,53.33ms,643.07ms,96.64%
80000,scone-sync,1.88s,532.32ms,3.50s,69.46%
80000,scone-sync,1.34s,559.23ms,2.73s,67.09%
80000,scone-sync,1.14s,682.75ms,2.72s,63.43%
80000,scone-sync,1.32s,648.21ms,2.86s,64.04%
80000,scone-sync,1.11s,727.59ms,2.85s,60.37%
80000,scone-sync,1.47s,546.79ms,3.23s,68.75%
80000,scone-sync,1.15s,610.93ms,2.67s,61.44%
80000,scone-sync,664.12ms,365.95ms,1.60s,63.30%
80000,scone-sync,976.47ms,503.73ms,2.43s,68.20%
80000,scone-sync,693.40ms,494.20ms,1.97s,60.46%
